Character/Sora = Sora
Character/TokinoSora = Tokino Sora
Character/YuujinA = Friend A
Character/AChan = A-chan
Character/Roboco = Roboco
Character/Miko = Miko
Character/SakuraMiko = Sakura Miko
Character/Suisei = Suisei
Character/HoshimachiSuisei = Hoshimachi Suisei
Character/Haato = Haato
Character/AkaiHaato = Akai Haato
Character/Mel = Mel
Character/YozoraMel = Yozora Mel
Character/Matsuri = Matsuri
Character/NatsuiroMatsuri = Natsuiro Matsuri
Character/Aki = Aki
Character/AkiRosenthal = Aki Rosenthal
Character/Fubuki = Fubuki
Character/ShirakamiFubuki = Shirakami Fubuki
Character/Subaru = Subaru
Character/OozoraSubaru = Oozora Subaru
Character/Choco = Choco
Character/YuzukiChoco = Yuzuki Choco
Character/Shion = Shion
Character/MurasakiShion = Murasaki Shion
Character/Ayame = Ayame
Character/NakiriAyame = Nakiri Ayame
Character/Aqua = Aqua
Character/MinatoAqua = Minato Aqua
Character/Mio = Mio
Character/OokamiMio = Ookami Mio
Character/Okayu = Okayu
Character/NekomataOkayu = Nekomata Okayu
Character/Korone = Korone
Character/InugamiKorone = Inugami Korone
Character/Pekora = Pekora
Character/UsadaPekora = Usada Pekora
Character/Rushia = Rushia
Character/UruhaRushia = Uruha Rushia
Character/Flare = Flare
Character/ShiranuiFlare = Shiranui Flare
Character/Noel = Noel
Character/ShiroganeNoel = Shirogane Noel
Character/Marine = Marine
Character/HoushouMarine = Houshou Marine
Character/Watame = Watame
Character/TsunomakiWatame = Tsunomaki Watame
Character/Towa = Towa
Character/TokoyamiTowa = Tokoyami Towa
Character/Coco = Coco
Character/KiryuCoco = Kiryu Coco
Character/Kanata = Kanata
Character/AmaneKanata = Amane Kanata
Character/Luna = Luna
Character/HimemoriLuna = Himemori Luna
Character/AZKi = AZKi
Character/YAGOO = YAGOO
Character/Lamy = Lamy
Character/YukihanaLamy = Yukihana Lamy
Character/Nene = Nene
Character/MomosuzuNene = Momosuzu Nene
Character/Botan = Botan
Character/ShishiroBotan = Shishiro Botan
Character/Polka = Polka
Character/OmaruPolka = Omaru Polka
Character/Calliope = Calliope
Character/Calli = Calli
Character/MoriCalliope = Mori Calliope
Character/Kiara = Kiara
Character/TakanashiKiara = Takanashi Kiara
Character/Inanis = Ina'nis
Character/Ina = Ina
Character/NinomaeInanis = Ninomae Ina'nis
Character/Gura = Gura
Character/GawrGura = Gawr Gura
Character/Amelia = Amelia
Character/WatsonAmelia = Watson Amelia
Character/Risu = Risu
Character/AyundaRisu = Ayunda Risu
Character/Moona = Moona
Character/MoonaHoshinova = Moona Hoshinova
Character/Iofifteen = Iofifteen
Character/Iofi = Iofi
Character/AiraniIofifteen = Airani Iofifteen